A6 06 18 05,2022303733.jpg
26 30 13 05,2022312895.jpg
7E 65 13 05,2020-0159.jpg
1C 8C 0F 05,2022303419.jpg
2B 38 18 05,2022303899.jpg
D6 35 15 05,2022303509.jpg
3A 43 07 05,2022303504.jpg
0B E4 0B 05,2022303253.jpg
9D 22 13 05,2022303604.jpg
F7 FC 12 05,2022303611.jpg
6B 11 18 05,2022303238.jpg
F7 7F 12 05,2022303617.jpg
B3 B3 0C 05,2022314391.jpg
D4 7C 0F 05,2022312874.jpg
E9 2D 13 05,2022308387.jpg
C6 47 18 05,2020104517.jpg
15 C8 11 05,2021313378.jpg
D7 3E 18 05,2022303541.jpg
B1 DD 11 05,2022303319.jpg
E4 8F 07 05,2022303855.jpg
A9 52 0B 05,2022314417.jpg
03 25 94 02,2022303433.jpg
0B 93 0D 05,2020104236.jpg
8A 36 07 05,2024302248.jpg
CD 27 41 04,2022303953.jpg
91 79 07 05,2023301744.jpg
F3 B1 09 05,2020101429.jpg
17 03 0C 05,2022303186.jpg
26 34 0A 05,2012-0101.jpg
39 A1 12 05,2022303497.jpg
3C 91 0A 05,2022311359.jpg
67 0F 18 05,2022303391.jpg
A2 FB 12 05,2022303414.jpg
AB A1 12 05,2022314592.jpg
82 AC 18 05,2022303696.jpg
62 58 0D 05,2023301377.jpg
06 20 0C 05,2023307035.jpg
DD F6 09 05,2017001584.jpg
EB 18 19 05,2012-0317.jpg